Image,Method,Model,Category,Precision,Recall
model,mature,mature,0.7631578947368421,0.3918918918918919
graph,mature,mature,0.7428571428571429,0.35135135135135137
model,mature,juvenile,0.7903225806451613,0.6621621621621622
graph,mature,juvenile,0.7586206896551724,0.5945945945945946
model,juvenile,mature,0.6666666666666666,0.2702702702702703
graph,juvenile,mature,0.6666666666666666,0.2702702702702703
model,juvenile,juvenile,0.9285714285714286,0.7027027027027027
graph,juvenile,juvenile,0.9636363636363636,0.7162162162162162
