Image,Method,Model,Category,Precision,Recall
model,mature,mature,0.7454545454545455,0.5540540540540541
graph,mature,mature,0.7192982456140351,0.5540540540540541
model,mature,juvenile,0.75,0.7297297297297297
graph,mature,juvenile,0.7575757575757576,0.6756756756756757
model,juvenile,mature,0.6944444444444444,0.33783783783783783
graph,juvenile,mature,0.7096774193548387,0.2972972972972973
model,juvenile,juvenile,0.9473684210526315,0.7297297297297297
graph,juvenile,juvenile,0.9830508474576272,0.7837837837837838
