Image,Method,Model,Category,Precision,Recall
model,mature,mature,0.7352941176470589,0.33783783783783783
graph,mature,mature,0.7037037037037037,0.25675675675675674
model,mature,juvenile,0.7407407407407407,0.5405405405405406
graph,mature,juvenile,0.7058823529411765,0.4864864864864865
model,juvenile,mature,0.6774193548387096,0.28378378378378377
graph,juvenile,mature,0.6333333333333333,0.25675675675675674
model,juvenile,juvenile,0.9464285714285714,0.7162162162162162
graph,juvenile,juvenile,0.9636363636363636,0.7162162162162162
