Image,Method,Model,Category,Precision,Recall
model,mature,mature,0.7096774193548387,0.2972972972972973
graph,mature,mature,0.7037037037037037,0.25675675675675674
model,mature,juvenile,0.78,0.527027027027027
graph,mature,juvenile,0.7551020408163265,0.5
model,juvenile,mature,0.7,0.28378378378378377
graph,juvenile,mature,0.6428571428571429,0.24324324324324326
model,juvenile,juvenile,0.9615384615384616,0.6756756756756757
graph,juvenile,juvenile,0.9545454545454546,0.5675675675675675
