Image,Method,Model,Category,Precision,Recall
model,mature,mature,0.7547169811320755,0.5405405405405406
graph,mature,mature,0.7192982456140351,0.5540540540540541
model,mature,juvenile,0.7432432432432432,0.7432432432432432
graph,mature,juvenile,0.75,0.6891891891891891
model,juvenile,mature,0.6944444444444444,0.33783783783783783
graph,juvenile,mature,0.7096774193548387,0.2972972972972973
model,juvenile,juvenile,0.9322033898305084,0.7432432432432432
graph,juvenile,juvenile,0.9830508474576272,0.7837837837837838
