Image,Method,Model,Category,Precision,Recall
model,mature,mature,0.8666666666666667,0.17567567567567569
graph,mature,mature,0.8666666666666667,0.17567567567567569
model,mature,juvenile,0.782608695652174,0.24324324324324326
graph,mature,juvenile,0.782608695652174,0.24324324324324326
model,juvenile,mature,0.7619047619047619,0.21621621621621623
graph,juvenile,mature,0.7368421052631579,0.1891891891891892
model,juvenile,juvenile,0.9166666666666666,0.44594594594594594
graph,juvenile,juvenile,0.90625,0.3918918918918919
