Image,Method,Model,Category,Precision,Recall
model,mature,mature,0.7631578947368421,0.3918918918918919
graph,mature,mature,0.7096774193548387,0.2972972972972973
model,mature,juvenile,0.7586206896551724,0.5945945945945946
graph,mature,juvenile,0.7142857142857143,0.5405405405405406
model,juvenile,mature,0.6774193548387096,0.28378378378378377
graph,juvenile,mature,0.7,0.28378378378378377
model,juvenile,juvenile,0.9464285714285714,0.7162162162162162
graph,juvenile,juvenile,0.9636363636363636,0.7162162162162162
