Image,Method,Model,Category,Precision,Recall
model,mature,mature,0.6911764705882353,0.6351351351351351
graph,mature,mature,0.7101449275362319,0.6621621621621622
model,mature,juvenile,0.76,0.7702702702702703
graph,mature,juvenile,0.704225352112676,0.6756756756756757
model,juvenile,mature,0.6944444444444444,0.33783783783783783
graph,juvenile,mature,0.6875,0.2972972972972973
model,juvenile,juvenile,0.9322033898305084,0.7432432432432432
graph,juvenile,juvenile,1.0,0.7837837837837838
