Image,Method,Model,Category,Precision,Recall
model,mature,mature,0.6911764705882353,0.6351351351351351
graph,mature,mature,0.7101449275362319,0.6621621621621622
model,mature,juvenile,0.7671232876712328,0.7567567567567568
graph,mature,juvenile,0.704225352112676,0.6756756756756757
model,juvenile,mature,0.6857142857142857,0.32432432432432434
graph,juvenile,mature,0.6774193548387096,0.28378378378378377
model,juvenile,juvenile,0.9152542372881356,0.7297297297297297
graph,juvenile,juvenile,0.9827586206896551,0.7702702702702703
