Image,Method,Model,Category,Precision,Recall
model,mature,mature,0.7164179104477612,0.6486486486486487
graph,mature,mature,0.7205882352941176,0.6621621621621622
model,mature,juvenile,0.76,0.7702702702702703
graph,mature,juvenile,0.704225352112676,0.6756756756756757
model,juvenile,mature,0.6944444444444444,0.33783783783783783
graph,juvenile,mature,0.7096774193548387,0.2972972972972973
model,juvenile,juvenile,0.9322033898305084,0.7432432432432432
graph,juvenile,juvenile,1.0,0.7837837837837838
