Image,Method,Model,Category,Precision,Recall
model,mature,mature,0.8333333333333334,0.2702702702702703
graph,mature,mature,0.8333333333333334,0.2702702702702703
model,mature,juvenile,0.6938775510204082,0.4594594594594595
graph,mature,juvenile,0.673469387755102,0.44594594594594594
model,juvenile,mature,0.6538461538461539,0.22972972972972974
graph,juvenile,mature,0.6086956521739131,0.1891891891891892
model,juvenile,juvenile,0.96,0.6486486486486487
graph,juvenile,juvenile,0.9523809523809523,0.5405405405405406
