Image,Method,Model,Category,Precision,Recall
model,mature,mature,0.7857142857142857,0.44594594594594594
graph,mature,mature,0.7567567567567568,0.3783783783783784
model,mature,juvenile,0.75,0.6486486486486487
graph,mature,juvenile,0.7166666666666667,0.581081081081081
model,juvenile,mature,0.6774193548387096,0.28378378378378377
graph,juvenile,mature,0.7,0.28378378378378377
model,juvenile,juvenile,0.9464285714285714,0.7162162162162162
graph,juvenile,juvenile,0.9818181818181818,0.7297297297297297
